,macro_f1,micro_f1
0,0.11596009975062344,0.36
1,0.11596009975062344,0.36
2,0.11596009975062344,0.36
3,0.11596009975062344,0.36
4,0.11596009975062344,0.36
5,0.11596009975062344,0.36
6,0.11596009975062344,0.36
7,0.11596009975062344,0.36
8,0.11596009975062344,0.36
9,0.11596009975062344,0.36
